{
    "$schema": "http://json-schema.org/draft-07/schema#",
    "type": "object",
    "properties": {
        "deployments": {
            "type": "array",
            "title": "The Azure Open AI model deployments",
            "description": "Deploys the listed Azure Open AI models to an Azure Open AI service",
            "items": {
                "type": "object",
                "properties": {
                    "name": {
                        "type": "string",
                        "title": "The model deployment name"
                    },
                    "model": {
                        "type": "object",
                        "title": "The Azure Open AI model to deploy",
                        "description": "Full list of supported models and versions are available at https://learn.microsoft.com/azure/ai-services/openai/concepts/models",
                        "properties": {
                            "format": {
                                "type": "string",
                                "default": "OpenAI",
                                "title": "The format of the model"
                            },
                            "name": {
                                "type": "string",
                                "title": "The well known name of the model."
                            },
                            "version": {
                                "type": "string",
                                "title": "The well known version of the model."
                            }
                        },
                        "required": [
                            "format",
                            "name",
                            "version"
                        ]
                    },
                    "sku": {
                        "type": "object",
                        "title": "The SKU to use for deployment. Defaults to Standard with 20 capacity if not specified",
                        "properties": {
                            "name": {
                                "type": "string",
                                "title": "The SKU name of the deployment. Defaults to Standard if not specified"
                            },
                            "capacity": {
                                "type": "integer",
                                "title": "The capacity of the deployment. Defaults to 20 if not specified"
                            }
                        },
                        "required": [
                            "name",
                            "capacity"
                        ]
                    }
                },
                "required": [
                    "name",
                    "model"
                ]
            }
        }
    },
    "required": [
        "deployments"
    ]
}